Date,Ticker,Open,High,Low,Close,Volume
20090821,A,25.6,25.61,25.22,25.55,34758
20090824,A,25.64,25.74,25.33,25.5,22247
20090825,A,25.5,25.7,25.225,25.34,30891
20090826,A,25.32,25.6425,25.145,25.48,33334
20090827,A,25.5,25.57,25.23,25.54,70176
20090828,A,25.67,26.05,25.63,25.83,39694
20090831,A,25.45,25.74,25.31,25.68,51064
20090901,A,25.51,26.33,25.48,25.85,66422
20090902,A,25.97,25.97,24.96,25.22,64614
20090903,A,25.47,25.54,25,25.29,46369
20090904,A,25.37,25.92,25.1475,25.86,32556
20090909,A,26.31,27.19,26.16,27.15,36764
20090910,A,27.08,27.88,26.94,27.86,42987
20090911,A,27.88,28.16,27.75,28.05,43907
20090914,A,27.86,28.18,27.64,28.1,35156
20090915,A,28.01,28.38,27.65,28.32,33180
20090916,A,28.33,28.77,28.33,28.63,32339
20090917,A,28.59,28.82,28.175,28.49,39189
20090918,A,28.69,28.73,27.82,28.37,44366
20090921,A,28.73,29.38,28.62,28.81,56186
20090922,A,28.96,28.96,28.39,28.53,47308
20090923,A,28.59,28.83,28.15,28.27,44547
20090924,A,28.38,28.45,27.58,27.83,29750
20090925,A,27.77,27.84,27.48,27.58,36891
20090928,A,27.69,28.23,27.49,27.89,21000
20090929,A,27.8,28.13,27.705,27.9,31254
20090930,A,28.06,28.07,27.51,27.83,45318
20091001,A,26.63,27.32,26.31,26.61,54585
20091002,A,26.41,26.47,25.95,26.31,35743
20091005,A,26.29,26.98,26.21,26.82,31912
20091006,A,27.17,27.47,26.92,27.22,28873
20091007,A,27.07,27.2,26.8905,27.1,15895
20091008,A,27.5,27.75,27.31,27.4,33654
20091009,A,27.38,27.54,27.36,27.47,20862
20091012,A,27.59,27.71,27.33,27.46,18950
20091013,A,27.41,27.53,27.15,27.29,14226
20091014,A,27.68,27.73,27.47,27.59,27705
20091015,A,27.49,27.665,27.4,27.62,28276
20091016,A,27.42,27.49,26.94,27.21,30266
20091019,A,27.34,27.55,27.07,27.4,20386
20091020,A,27.31,27.38,26.36,26.47,39331
20091021,A,26.49,27.2598,26.42,26.88,44314
20091022,A,27.1,27.1,26.34,26.87,27662
20091023,A,27.2,27.2,26.04,26.2,28112
20091026,A,26.19,26.7,25.68,25.71,29056
20091027,A,25.7,26.05,25.54,25.73,34348
20091028,A,25.56,25.71,25.2,25.32,39358
20091105,A,25.32,26.19,25.3,26.13,26405
20091106,A,26.48,26.48,25.94,26.17,24434
20091109,A,26.43,26.96,26.35,26.96,19037
20091110,A,27.01,27.2,26.79,27,26442
20091111,A,27.32,27.46,27.02,27.46,32347
20091112,A,27.62,27.69,27.2825,27.43,34961
20091113,A,27.97,28.89,27.75,28.61,62633
20091116,A,28.25,29.5,28.1,29.37,44355
20091117,A,29.05,29.7092,29.05,29.63,31726
20091118,A,29.49,29.5,29.14,29.46,28067
20091119,A,29.09,29.36,28.67,29.13,22134
20091120,A,28.94,29.05,28.67,28.91,19779
20091123,A,29.32,29.53,29.1,29.28,16790
20091124,A,29.32,29.32,28.88,29.24,15502
20091125,A,29.2,29.54,29.2,29.54,15054
20091127,A,28.46,29.09,28.01,28.85,9224
20091130,A,28.78,28.95,28.555,28.92,25551
20091201,A,29.1,29.49,29.08,29.44,22685
20091202,A,29.5,29.69,29.35,29.49,26293
20091203,A,29.5,30.06,29.5,29.7,35836
20091204,A,30,30.48,29.445,29.86,35369
20091207,A,29.68,29.99,29.66,29.88,28895
20091208,A,29.56,29.77,29.22,29.59,19153
20091209,A,29.54,29.54,28.98,29.25,31112
20091210,A,29.45,29.94,29.38,29.69,18353
20091211,A,29.75,29.88,29.56,29.64,14075
20091214,A,29.79,30,29.72,29.97,13341
20091215,A,29.87,30.08,29.7,29.9,18719
20091216,A,30,30.08,29.67,29.77,20507
20091217,A,29.45,29.76,29.34,29.44,19306
20091218,A,29.54,29.83,29.23,29.4,33034
20091221,A,29.6,29.94,29.3,29.91,31485
20091222,A,29.91,30.32,29.82,30.18,24818
20091223,A,30.2,30.4,30.15,30.3,22183
20091224,A,30.27,30.39,30.2,30.33,7567
20091228,A,30.33,30.44,30.23,30.4,16792
20091229,A,30.41,30.47,30.22,30.33,31071
20091230,A,30.11,31.24,29.92,31.1,39949
20091231,A,31.04,31.77,30.93,31.07,37371
20100104,A,31.47,31.63,31.1314,31.3,27292
20100105,A,31.21,31.22,30.76,30.96,29942
20100106,A,30.85,31,30.76,30.85,23202
20100107,A,30.78,30.82,30.5,30.81,22139
20100108,A,30.64,30.85,30.4,30.8,26708
20100111,A,30.88,31.05,30.67,30.82,34202
20100112,A,30.65,30.65,30.22,30.45,20536
20100113,A,30.47,30.78,30.05,30.69,24455
20100114,A,30.59,31.24,30.5,31.15,44089
20100115,A,31.22,31.36,30.33,30.43,33094
20100119,A,30.36,30.83,30.35,30.8,25490
20100120,A,30.53,30.67,30.19,30.63,32825
20100121,A,31,31.11,30.18,30.52,43500
20100122,A,30.3,30.35,29.09,29.17,30493
20100125,A,29.42,29.65,29.23,29.45,25811
20100126,A,29.37,29.5,28.98,29.29,19290
20100127,A,29.2,29.29,28.73,29.17,31202
20100128,A,29.13,29.37,28.49,28.69,35320
20100129,A,28.93,29.17,27.92,28.03,42367
20100201,A,28.16,29.32,28.13,29.13,40018
20100202,A,29.22,29.59,29.09,29.5,42093
20100203,A,29.39,29.89,29.36,29.54,43531
20100204,A,29.3,29.45,28.94,29.07,47441
20100205,A,28.91,29.26,28.18,29.17,68287
20100208,A,29.21,29.68,29.13,29.2,49528
20100209,A,29.53,29.72,29.18,29.41,36842
20100210,A,29.46,29.49,28.88,29.25,23287
20100211,A,29.25,29.61,28.77,29.36,49945
20100212,A,30.65,30.74,29.57,29.98,81958
20100216,A,30.24,30.34,29.97,30.25,46920
20100217,A,30.36,30.74,30.13,30.63,34986
20100218,A,30.57,31,30.44,30.98,23704
20100219,A,30.84,31.27,30.62,31.2,29943
20100222,A,31.29,31.29,30.85,31.15,28884
20100223,A,31.09,31.16,30.525,30.85,31238
20100224,A,30.97,31.24,30.86,31.23,28224
20100225,A,30.84,31.13,30.23,31.09,34180
20100226,A,31.17,31.52,30.98,31.46,33462
20100301,A,31.43,32.13,31.43,32.09,33788
20100302,A,32,32.54,31.85,32.36,43048
20100303,A,32.37,32.54,32.3,32.44,45919
20100304,A,32.46,32.46,31.84,32.26,43634
20100305,A,32.83,33.25,32.625,33.16,55044
20100308,A,33.11,33.15,32.82,33,50198
20100309,A,32.93,33.33,32.87,33.27,50667
20100310,A,33.2,33.75,33.09,33.66,33595
20100311,A,33.38,33.6,33.25,33.58,28200
20100312,A,33.62,33.77,33.33,33.42,28724
20100315,A,33.32,33.5,33.04,33.31,25888
20100316,A,33.39,33.58,33.22,33.42,23504
20100317,A,33.44,33.64,33.32,33.38,28082
20100318,A,33.3,33.58,33.16,33.46,32150
20100319,A,33.53,33.66,33.13,33.42,42077
20100322,A,33.26,33.83,33.09,33.72,28230
20100323,A,33.78,34.2131,33.66,34.11,37165
20100324,A,33.98,34.11,33.86,33.9,27120
20100325,A,34.1,34.75,34.07,34.55,49651
20100326,A,34.65,34.7,34.11,34.31,33660
20100329,A,34.31,34.7,34.28,34.4,38466
20100330,A,34.46,34.7,34.45,34.62,42777
20100331,A,34.55,34.58,34.285,34.39,37863
20100401,A,34.54,34.87,34.25,34.55,22210
20100405,A,34.59,34.84,34.54,34.82,26694
20100406,A,34.64,34.69,34.42,34.56,25028
20100407,A,34.5,34.553,34.13,34.29,23386
20100408,A,34.1,34.15,33.5494,33.99,30041
20100409,A,34.04,34.23,33.87,34.23,27958
20100412,A,34.21,34.33,34.045,34.21,29574
20100413,A,34.15,34.23,33.88,33.9,25868
20100414,A,33.94,34.6,33.94,34.41,83248
20100415,A,34.45,35.91,34.22,35.63,91477
20100416,A,35.54,35.9,35.07,35.27,57702
20100419,A,35.34,35.44,34.645,35.16,28657
20100420,A,35.38,36.475,35.38,36.29,49998
20100421,A,36.18,36.39,35.79,36.13,22477
20100422,A,35.8,36.48,35.27,36.44,33348
20100423,A,36.39,36.68,36.1,36.64,26134
20100426,A,36.67,36.99,36.47,36.82,28279
20100427,A,36.6,36.96,36.13,36.22,43614
20100428,A,36.47,36.85,36.4,36.64,31361
20100429,A,36.93,37.4,36.855,37.23,23156
20100430,A,37.25,37.43,36.23,36.26,30011
20100503,A,36.5,36.89,36.37,36.77,18591
20100504,A,36.36,36.36,35.12,35.36,32470
20100505,A,34.92,35.31,34.45,34.76,32974
20100506,A,34.52,34.82,30.66,33.28,64567
20100507,A,33.09,33.28,31.5,31.87,79794
20100510,A,33.17,34.22,32.99,34.19,40572
20100511,A,33.68,34.52,33.465,34.07,33765
20100512,A,34.16,34.99,34.13,34.81,28417
20100513,A,34.83,35.29,34.43,34.78,43992
20100514,A,34.39,34.71,33.435,33.86,33802
20100517,A,34.02,34.5,33.59,34.19,41712
20100518,A,34,34.05,31.83,32.07,118162
20100519,A,32.01,32.75,32,32.59,51532
20100520,A,31.73,31.94,31,31.04,47133
20100521,A,30.32,31.79,30.18,31.34,59111
20100524,A,31.24,31.62,30.98,31.4,37817
20100525,A,30.49,31.25,29.97,31.24,38255
20100526,A,31.51,32.25,31.37,31.49,38117
20100527,A,32.21,32.78,32.11,32.75,26745
20100528,A,32.76,32.85,32.16,32.36,24539
20100601,A,32.09,32.37,31.42,31.48,27775
20100602,A,31.7,32.22,31.26,32.22,25551
20100603,A,32.34,32.55,31.95,32.4,26973
20100604,A,31.61,31.7101,30.21,30.335,43342
20100607,A,30.53,30.69,30.07,30.1,40776
20100608,A,30.18,30.37,29.31,29.84,60028
20100609,A,29.98,30.47,29.4,29.52,43290
20100610,A,30.02,30.48,29.77,30.45,33616
20100611,A,30.05,30.78,30.05,30.73,19359
20100614,A,31.14,32,30.96,31.46,41637
20100615,A,31.8,32.22,31.55,32.2,25583
20100616,A,31.99,32.78,31.79,32.63,30620
20100617,A,32.8,32.8,32.023,32.47,22711
20100618,A,32.55,32.94,32.4,32.61,26668
20100621,A,33.06,33.37,32.22,32.43,29298
20100622,A,32.41,32.92,31.99,32.02,20420
20100623,A,32.08,32.33,31.48,31.97,23055
20100624,A,31.73,31.92,30.64,30.76,41534
20100625,A,30.92,31.03,30.44,30.69,38338
20100628,A,30.63,30.8625,30.29,30.58,22205
20100629,A,30.09,30.19,28.99,29.21,47400
20100630,A,29.16,29.49,28.32,28.43,37680
20100701,A,28.5,28.61,27.44,28.28,50024
20100702,A,28.36,28.39,27.59,27.79,33146
20100706,A,28.35,28.57,27.53,27.75,37781
20100707,A,27.72,28.64,27.72,28.57,33007
20100708,A,28.79,28.95,28.38,28.81,36609
20100709,A,28.88,28.95,28.45,28.65,23723
20100712,A,28.51,28.72,28.03,28.2,37482
20100713,A,28.47,28.95,28.42,28.75,40928
20100714,A,28.63,29.25,28.58,28.69,42091
20100715,A,28.62,28.73,28.13,28.4,41337
20100716,A,28.2,28.29,26.97,27.03,63478
20100719,A,27.29,27.71,27.07,27.54,56648
20100720,A,27.03,27.55,26.74,27.52,43610
20100721,A,27.68,28.2,27.41,27.58,44528
20100722,A,27.95,28.87,27.95,28.72,36494
20100723,A,28.56,29.41,28.45,29.3,37153
20100726,A,29.22,29.67,29.11,29.64,21256
20100727,A,29.73,29.73,28.81,28.87,33410
20100728,A,28.79,29.27,28.74,28.78,31156
20100729,A,28.97,29.15,27.78,28.15,44085
20100730,A,27.78,28.17,27.66,27.93,36943
20100802,A,28.35,28.97,28.2,28.82,28989
20100803,A,28.7,28.73,27.8,27.84,42401
20100804,A,27.86,28.35,27.75,28.29,23525
20100805,A,28.03,28.63,27.96,28.46,20682
20100806,A,28.18,28.75,28.07,28.73,33777
20100809,A,28.92,29.87,28.87,29.82,36889
20100810,A,29.44,29.68,29.13,29.46,34866
20100811,A,28.86,28.9,27.98,28.22,28271
20100812,A,27.65,27.78,27.41,27.53,32566
20100813,A,27.39,27.85,27.3,27.35,24469
20100816,A,27.11,27.68,27,27.16,33231
20100817,A,28.87,29.53,28.42,29.28,73050
20100819,A,29.25,29.26,28.22,28.54,33832
20100820,A,28.26,28.66,27.99,28.56,33738
20090821,AA,12.64,12.73,12.49,12.56,338295
20090824,AA,12.76,12.83,12.36,12.42,307627
20090825,AA,12.57,12.66,12.3,12.35,246836
20090826,AA,12.28,12.47,12.11,12.26,286577
20090827,AA,12.23,12.49,12.02,12.4,265027
20090828,AA,12.66,12.77,12.4,12.5,203405
20090831,AA,12.2,12.24,12.03,12.05,227035
20090901,AA,12.05,12.24,11.48,11.59,330743
20090902,AA,11.46,11.65,11.29,11.55,260225
20090903,AA,11.95,12.06,11.8299,12.01,250746
20090904,AA,12.18,12.22,11.97,12.18,177572
20090909,AA,12.71,12.89,12.62,12.81,228106
20090910,AA,12.8,12.9,12.51,12.84,217327
20090911,AA,12.98,13.17,12.86,12.99,226136
20090914,AA,12.63,12.95,12.52,12.94,203262
20090915,AA,13.04,14.09,13.0017,13.99,498437
20090916,AA,14.4,14.53,13.05,14.47,452153
20090917,AA,14.5,14.84,13.94,14.05,404616
20090918,AA,14.24,14.33,13.86,14.06,347642
20090921,AA,13.73,13.99,13.55,13.94,219451
20090922,AA,14.23,14.35,14,14.26,367999
20090923,AA,14.39,14.62,14.11,14.14,241722
20090924,AA,14.22,14.29,13.41,13.51,365988
20090925,AA,13.36,13.46,13,13.08,302018
20090928,AA,13.23,13.48,13.1,13.43,203827
20090929,AA,13.56,13.7,13.23,13.31,226011
20090930,AA,13.51,13.57,13.02,13.12,318860
20091001,AA,13.36,13.62,12.9,12.92,517793
20091002,AA,12.6,13.1,12.51,12.82,344827
20091005,AA,13,13.49,12.85,13.42,321307
20091006,AA,13.82,14.02,13.64,13.89,409203
20091007,AA,14.04,14.24,13.85,14.2,543173
20091008,AA,15.01,15.11,14.29,14.35,1208024
20091009,AA,14.24,14.44,14.11,14.24,378109
20091012,AA,14.35,14.46,14.2,14.25,271490
20091013,AA,14.31,14.37,14,14.11,316382
20091014,AA,14.36,14.38,14.21,14.32,289201
20091015,AA,14.21,14.38,14.08,14.36,279387
20091016,AA,14.28,14.28,14,14.04,296618
20091019,AA,14.12,14.2,14.01,14.07,215704
20091020,AA,14.2,14.23,13.65,13.79,366106
20091021,AA,13.73,14.17,13.68,13.82,316831
20091022,AA,13.85,14.15,13.7,14.04,245027
20091023,AA,14.16,14.23,13.66,13.73,289307
20091026,AA,13.78,14,13.21,13.28,309389
20091027,AA,13.3,13.38,12.78,12.81,299080
20091028,AA,12.75,12.77,11.89,11.93,536062
20091105,AA,12.66,12.9,12.61,12.89,186393
20091106,AA,12.71,13.1,12.63,12.89,197643
20091109,AA,13.13,13.37,13.11,13.34,208096
20091110,AA,13.27,13.58,13.16,13.47,253448
20091111,AA,13.68,13.77,13.35,13.43,212731
20091112,AA,13.33,13.65,13.15,13.2,223085
20091113,AA,13.22,13.29,13.01,13.18,174425
20091116,AA,13.36,13.73,13.36,13.61,231952
20091117,AA,13.46,13.77,13.32,13.76,234178
20091118,AA,13.76,13.8,13.56,13.76,206300
20091119,AA,13.52,13.54,13.08,13.22,317893
20091120,AA,13.04,13.15,12.92,13.13,223225
20091123,AA,13.37,13.44,13.02,13.06,221442
20091124,AA,13.03,13.06,12.75,12.92,317084
20091125,AA,12.99,13.12,12.92,13,182169
20091127,AA,12.52,12.8,12.46,12.66,155675
20091130,AA,12.73,12.82,12.48,12.52,244137
20091201,AA,12.75,12.96,12.64,12.8,264140
20091202,AA,12.9,13.64,12.89,13.64,494175
20091203,AA,13.65,13.65,13.21,13.27,334263
20091204,AA,13.61,13.74,12.71,12.99,467771
20091207,AA,12.91,13.28,12.9,13.05,222260
20091208,AA,12.93,12.97,12.79,12.87,206941
20091209,AA,12.87,13.1,12.77,13.08,252745
20091210,AA,13.21,13.59,13.19,13.5,321248
20091211,AA,13.8,14.69,13.76,14.61,751936
20091214,AA,14.62,15,14.54,14.82,367498
20091215,AA,14.57,14.88,14.45,14.68,199004
20091216,AA,14.75,15.15,14.75,14.9,307624
20091217,AA,14.7,14.8,14.49,14.5,203873
20091218,AA,14.61,14.73,14.26,14.58,298588
20091221,AA,15.14,15.98,15.13,15.73,609435
20091222,AA,15.59,15.81,15.51,15.79,316790
20091223,AA,15.86,16,15.67,16,261719
20091224,AA,16.02,16.37,16.01,16.34,143272
20091228,AA,16.49,16.51,15.99,16.1,190169
20091229,AA,16.16,16.28,15.96,16.03,142751
20091230,AA,15.93,16.35,15.77,16.3,183481
20091231,AA,16.33,16.39,16.1,16.12,165002
20100104,AA,16.47,16.89,16.4,16.65,258893
20100105,AA,16.83,16.85,16.03,16.13,499275
20100106,AA,16.31,17.06,16.26,16.97,467503
20100107,AA,16.52,16.66,16.3,16.61,386415
20100108,AA,16.46,17.02,16.45,17.02,332461
20100111,AA,17.49,17.6,17.13,17.45,764418
20100112,AA,16.12,16.25,15.42,15.52,1558986
20100113,AA,15.77,15.99,15.41,15.98,586943
20100114,AA,16,16.1,15.79,15.81,323829
20100115,AA,15.76,15.85,15.46,15.63,334271
20100119,AA,15.58,15.82,15.46,15.62,344253
20100120,AA,15.42,15.47,15.15,15.23,356714
20100121,AA,15.19,15.3,14.22,14.25,699305
20100122,AA,14.18,14.18,13.33,13.4,844784
20100125,AA,13.76,13.85,13.31,13.39,441903
20100126,AA,13.45,13.95,13.3,13.54,439037
20100127,AA,13.7,13.7,12.96,13.3,553738
20100128,AA,13.42,13.47,12.26,12.92,537685
20100129,AA,13.13,13.3,12.61,12.73,429498
20100201,AA,12.99,13.39,12.91,13.36,400762
20100202,AA,13.75,13.9,13.52,13.67,505768
20100203,AA,13.6,13.89,13.43,13.49,360358
20100204,AA,13.29,13.29,12.9,12.91,445871
20100205,AA,12.91,13.19,12.61,13.18,439841
20100208,AA,13.18,13.53,12.93,13.06,394057
20100209,AA,13.36,13.5,13.1,13.28,440230
20100210,AA,13.31,13.34,13,13.16,330490
20100211,AA,13.19,13.65,13.12,13.58,342244
20100212,AA,13.33,13.42,13.19,13.28,461584
20100216,AA,13.53,13.75,13.35,13.74,371891
20100217,AA,13.89,13.9,13.51,13.6,260527
20100218,AA,13.45,13.66,13.42,13.61,275402
20100219,AA,13.55,13.69,13.45,13.53,285754
20100222,AA,13.68,13.7,13.44,13.54,231957
20100223,AA,13.44,13.52,13.05,13.18,350319
20100224,AA,13.18,13.29,12.95,13.06,362444
20100225,AA,12.9,13.33,12.8,13.31,395519
20100226,AA,13.36,13.37,13.12,13.3,247614
20100301,AA,13.25,13.41,13.19,13.31,315896
20100302,AA,13.41,13.52,13.22,13.24,325227
20100303,AA,13.3,13.5,13.23,13.34,333070
20100304,AA,13.36,13.54,13.32,13.43,294544
20100305,AA,13.54,13.96,13.49,13.84,407486
20100308,AA,14,14.02,13.71,13.78,324706
20100309,AA,13.69,13.78,13.6,13.67,334797
20100310,AA,13.75,13.77,13.53,13.57,320911
20100311,AA,13.55,13.64,13.44,13.64,266185
20100312,AA,13.75,13.85,13.57,13.6,288549
20100315,AA,13.57,13.6,13.35,13.51,235115
20100316,AA,13.57,13.8,13.52,13.8,308397
20100317,AA,14.02,14.8,14,14.46,846535
20100318,AA,14.48,14.82,14.24,14.3,484970
20100319,AA,14.43,14.54,14.07,14.26,446355
20100322,AA,14.06,14.45,13.9,14.34,310787
20100323,AA,14.44,14.58,14.24,14.5,285441
20100324,AA,14.4,14.5,14.32,14.32,352454
20100325,AA,14.5,14.67,14.08,14.11,423804
20100326,AA,14.285,14.44,14.11,14.27,321711
20100329,AA,14.45,14.52,14.33,14.44,238356
20100330,AA,14.46,14.51,14.3063,14.4,240176
20100331,AA,14.3,14.44,14.22,14.24,233288
20100401,AA,14.4,14.81,14.38,14.7,314982
20100405,AA,14.57,14.8,14.49,14.73,312994
20100406,AA,14.6,15.14,14.56,15.03,420678
20100407,AA,15.01,15.15,14.65,14.74,317061
20100408,AA,14.61,14.9,14.5,14.87,244217
20100409,AA,14.7,14.74,14.19,14.39,562116
20100412,AA,14.51,14.77,14.45,14.57,572085
20100413,AA,14.3,14.39,14.06,14.34,1006917
20100414,AA,14.39,14.47,14.19,14.43,351237
20100415,AA,14.33,14.5,14.26,14.31,302926
20100416,AA,14.22,14.26,13.8,13.91,520266
20100419,AA,13.77,13.78,13.49,13.72,377087
20100420,AA,13.89,13.98,13.71,13.75,237407
20100421,AA,13.8,13.88,13.56,13.71,321215
20100422,AA,13.62,13.89,13.5,13.85,254381
20100423,AA,13.86,14.18,13.76,14.11,245235
20100426,AA,14.16,14.29,14.02,14.05,217772
20100427,AA,13.96,13.98,13.41,13.44,485827
20100428,AA,13.47,13.64,13.35,13.57,325759
20100429,AA,13.68,13.82,13.6,13.72,262253
20100430,AA,13.73,13.78,13.37,13.43,293020
20100503,AA,13.5,13.54,12.97,13.15,456021
20100504,AA,12.94,12.94,12.48,12.58,552558
20100505,AA,12.31,12.8,12.09,12.46,418459
20100506,AA,12.34,12.64,11.25,11.94,590920
20100507,AA,12.13,12.38,11.72,12,727928
20100510,AA,12.53,12.66,12.38,12.59,389133
20100511,AA,12.21,12.41,12.07,12.13,371967
20100512,AA,12.2,12.5396,12.16,12.46,312240
20100513,AA,12.61,13.24,12.59,12.8,456895
20100514,AA,12.66,12.66,12.22,12.36,401899
20100517,AA,12.29,12.33,11.8,12.1,388107
20100518,AA,12.25,12.41,11.8,11.82,399788
20100519,AA,11.75,11.98,11.53,11.78,450912
20100520,AA,11.47,11.63,11.01,11.07,598487
20100521,AA,10.89,11.45,10.8,11.35,436785
20100524,AA,11.31,11.42,11.07,11.09,222848
20100525,AA,10.6,11.35,10.56,11.3,485857
20100526,AA,11.64,11.68,11.2,11.25,347645
20100527,AA,11.62,11.84,11.27,11.82,256716
20100528,AA,11.79,11.79,11.5419,11.64,210013
20100601,AA,11.43,11.68,11.18,11.19,233952
20100602,AA,11.29,11.49,11.12,11.48,262002
20100603,AA,11.6,11.6,11.12,11.37,256174
20100604,AA,11.04,11.26,10.81,10.84,304187
20100607,AA,10.87,10.94,10.5,10.51,283628
20100608,AA,10.55,10.8461,10.49,10.76,279544
20100609,AA,10.93,11.11,10.76,10.8,261317
20100610,AA,11.02,11.26,11.01,11.25,224594
20100611,AA,11.15,11.39,11.1,11.36,183371
20100614,AA,11.55,11.68,11.31,11.34,178324
20100615,AA,11.47,11.62,11.42,11.59,220405
20100616,AA,11.46,11.52,11.35,11.41,164565
20100617,AA,11.45,11.4528,11.09,11.18,237833
20100618,AA,11.19,11.28,11.02,11.11,214299
20100621,AA,11.43,12.12,11.42,11.72,632612
20100622,AA,11.76,11.8,11.25,11.29,318267
20100623,AA,11.4,11.505,11.18,11.43,319541
20100624,AA,11.31,11.37,11.07,11.11,252436
20100625,AA,11.17,11.28,10.99,11.23,286687
20100628,AA,11.2,11.27,11,11.03,191069
20100629,AA,10.73,10.76,10.28,10.34,323843
20100630,AA,10.38,10.55,10.01,10.06,344604
20100701,AA,10.1,10.26,9.81,10.05,322111
20100702,AA,10.18,10.18,9.88,10,154945
20100706,AA,10.36,10.39,10.1,10.21,294443
20100707,AA,10.24,10.55,10.2,10.55,217702
20100708,AA,10.72,10.75,10.4689,10.72,210155
20100709,AA,10.74,10.97,10.67,10.94,210494
20100712,AA,11,11,10.68,10.87,391034
20100713,AA,11.32,11.34,10.87,11,585630
20100714,AA,11.01,11.11,10.82,10.91,258446
20100715,AA,10.95,10.95,10.61,10.84,233940
20100716,AA,10.72,10.75,10.41,10.41,282508
20100719,AA,10.5,10.68,10.31,10.58,267170
20100720,AA,10.4,10.87,10.32,10.85,289730
20100721,AA,10.95,11.01,10.53,10.59,250893
20100722,AA,10.8,10.99,10.73,10.82,258437
20100723,AA,10.87,11.12,10.67,11.05,250988
20100726,AA,11.14,11.37,11.01,11.23,264268
20100727,AA,11.35,11.42,11.11,11.21,244525
20100728,AA,11.14,11.28,10.96,11.04,187010
20100729,AA,11.1,11.2,10.87,11.02,144207
20100730,AA,10.95,11.28,10.86,11.17,226488
20100802,AA,11.35,11.73,11.33,11.71,259331
20100803,AA,11.66,11.78,11.53,11.56,283622
20100804,AA,11.6,11.6,11.38,11.52,218948
20100805,AA,11.45,11.63,11.39,11.58,155604
20100806,AA,11.45,11.73,11.45,11.59,175617
20100809,AA,11.62,11.75,11.58,11.66,145544
20100810,AA,11.43,11.49,11.18,11.35,264545
20100811,AA,11.11,11.13,10.62,10.66,334560
20100812,AA,10.55,10.9,10.47,10.7295,194741
20100813,AA,10.7,10.79,10.575,10.64,154397
20100816,AA,10.56,10.69,10.5,10.6,145830
20100817,AA,10.71,11.05,10.69,10.95,228152
20100819,AA,10.86,10.925,10.5,10.66,264198
20100820,AA,10.54,10.59,10.45,10.57,168391
20090821,AAPL,167.81,169.37,166.8,169.22,148597
20090824,AAPL,170,170.71,168.27,169.06,145331
20090825,AAPL,169.43,170.94,169.13,169.4,115840
20090826,AAPL,168.94,169.55,166.76,167.41,108570
20090827,AAPL,168.59,169.57,164.83,169.45,160421
20090828,AAPL,172.06,172.49,168.53,170.05,162092
20090831,AAPL,168.09,168.85,166.5,168.21,111264
20090901,AAPL,168.02,170,164.94,165.298,167509
20090902,AAPL,164.5,167.61,164.11,165.18,130143
20090903,AAPL,166.52,167.1,165,166.55,105036
20090904,AAPL,167.2,170.7,167.09,170.31,133795
20090909,AAPL,172.72,174.47,169.7,171.14,289746
20090910,AAPL,172.03,173.25,170.81,172.56,175404
20090911,AAPL,172.96,173.18,170.87,172.16,124628
20090914,AAPL,170.85,173.9,170.25,173.72,115003
20090915,AAPL,174.04,175.65,173.59,175.16,152310
20090916,AAPL,178,182.75,177.88,181.87,269293
20090917,AAPL,181.99,186.79,181.97,184.55,289489
20090918,AAPL,185.9,186.55,184.76,185.02,214909
20090921,AAPL,184.44,185.16,181.62,184.02,156327
20090922,AAPL,185.1,185.38,182.85,184.48,127487
20090923,AAPL,185.35,188.9,185.03,185.5,212157
20090924,AAPL,187.28,187.7,182.77,183.82,196742
20090925,AAPL,182.13,185.5,181.44,182.37,159102
20090928,AAPL,183.83,186.68,183.33,186.1519,120588
20090929,AAPL,186.66,187.4,184.31,185.38,123351
20090930,AAPL,186.04,186.45,182.6127,185.35,192708
20091001,AAPL,185.49,186.22,180.7,180.8599,187396
20091002,AAPL,181.38,185.94,181.35,184.9,197655
20091005,AAPL,186.2,186.86,184.2701,186.024,150152
20091006,AAPL,187.73,190.01,187.3,190.01,216101
20091007,AAPL,189.82,190.55,189.032,190.25,166309
20091008,AAPL,190.8,191.45,188.89,189.27,156503
20091009,AAPL,188.9,190.7,188.62,190.47,104783
20091012,AAPL,190.97,191.51,189.64,190.81,102911
20091013,AAPL,190.58,191.17,189.7,190.02,124292
20091014,AAPL,192.2,192.32,190.23,191.29,134203
20091015,AAPL,189.6,190.92,189.53,190.56,133412
20091016,AAPL,189.25,190.36,187.84,188.05,154080
20091019,AAPL,187.84,190,185.55,189.86,336510
20091020,AAPL,200.47,201.75,197.85,198.76,407514
20091021,AAPL,199.62,208.7099,199.23,204.92,426330
20091022,AAPL,204.52,207.85,202.51,205.2,282639
20091023,AAPL,205.74,205.8,203.23,203.94,150280
20091026,AAPL,203.71,206.75,200.1,202.48,172977
20091027,AAPL,201.64,202.81,196.45,197.37,270196
20091028,AAPL,197.36,198.02,191.1,192.4,292280
20091105,AAPL,192.7,195,191.82,194.0301,137472
20091106,AAPL,193,195.19,192.4,194.34,105439
20091109,AAPL,196.95,201.9,196.26,201.46,188876
20091110,AAPL,201.07,204.98,201.01,202.98,143283
20091111,AAPL,204.63,205,201.83,203.25,158599
20091113,AAPL,202.97,204.83,202.07,204.45,122618
20091116,AAPL,205.44,208,205.01,206.63,173287
20091117,AAPL,206.07,207.44,205,207,141611
20091118,AAPL,206.26,207,204,205.96,133685
20091119,AAPL,204.51,204.61,199.8,200.51,193687
20091120,AAPL,198.33,200.39,197.76,199.92,145317
20091123,AAPL,203.12,206,202.95,205.88,169705
20091124,AAPL,205.21,205.88,202.9,204.44,113727
20091125,AAPL,205.5,205.65,203.76,204.19,102374
20091127,AAPL,199.1,202.96,198.37,200.59,105448
20091130,AAPL,200.91,201.68,198.77,199.91,151734
20091201,AAPL,202.25,202.77,196.83,196.97,166343
20091202,AAPL,199.05,201.42,195.75,196.23,255449
20091203,AAPL,197.87,198.98,196.27,196.48,160256
20091204,AAPL,199.7,199.88,190.28,193.32,295395
20091207,AAPL,193.32,193.77,188.68,188.95,255270
20091208,AAPL,189.04,192.35,188.7,189.87,246570
20091209,AAPL,191.25,198.16,190.31,197.8,244564
20091210,AAPL,199.69,199.7,196.12,196.43,174881
20091211,AAPL,197.75,198,193.43,194.67,153490
20091214,AAPL,195.47,197.43,192.56,196.98,177067
20091215,AAPL,195.76,197.51,193.27,194.17,149897
20091216,AAPL,195,196.5,194.55,195.03,126113
20091217,AAPL,194.87,195,191,191.86,138870
20091218,AAPL,193.1,195.503,192.6,195.43,217417
20091221,AAPL,196,199.75,195.67,198.23,218704
20091222,AAPL,199.79,200.85,198.66,200.36,124826
20091223,AAPL,201.19,202.38,200.81,202.1,123401
20091224,AAPL,203.43,209.35,203.35,209.04,178888
20091228,AAPL,211.15,213.95,209.611,211.61,230201
20091229,AAPL,212.65,212.72,208.73,209.1,159001
20091230,AAPL,208.75,212,208.31,211.64,147172
20091231,AAPL,213.11,213.35,210.56,210.732,125860
20100104,AAPL,213.5,214.5,212.38,214.01,176331
20100105,AAPL,214.79,215.59,213.25,214.38,214965
20100106,AAPL,214.38,215.23,210.75,210.97,197199
20100107,AAPL,211.68,212,209.05,210.58,170403
20100108,AAPL,210.4,212,209.06,211.98,159955
20100111,AAPL,212.97,213,208.45,210.11,165081
20100112,AAPL,209.32,209.77,206.42,207.72,212306
20100113,AAPL,208.12,210.93,204.1,210.65,216389
20100114,AAPL,210.04,210.46,209.02,209.43,154697
20100115,AAPL,211.4,211.6,205.87,205.93,212262
20100119,AAPL,208.39,215.19,207.24,215.04,260716
20100120,AAPL,214.91,215.55,209.5,211.725,218625
20100121,AAPL,212.29,213.3138,207.21,208.072,217197
20100122,AAPL,206.78,207.5,197.16,197.75,314916
20100125,AAPL,202.83,204.7,200.19,203.075,380606
20100126,AAPL,205.86,213.71,202.58,205.94,666824
20100127,AAPL,206.81,210.58,199.531,207.884,615202
20100128,AAPL,205.32,205.5,198.7,199.29,419107
20100129,AAPL,201.33,202.2,190.25,192.063,444982
20100201,AAPL,192.58,196,191.3,194.73,267812
20100202,AAPL,195.93,196.32,193.38,195.86,249407
20100203,AAPL,195.26,200.2,194.42,199.23,219759
20100204,AAPL,196.85,198.37,191.57,192.05,270589
20100205,AAPL,192.7,196,190.85,195.46,303680
20100208,AAPL,195.68,197.88,194,194.12,170810
20100209,AAPL,196.46,197.5,194.75,196.19,226030
20100210,AAPL,195.82,196.6,194.26,195.116,132271
20100211,AAPL,194.79,199.75,194.06,198.67,196551
20100212,AAPL,198.17,201.64,195.5,200.38,234095
20100216,AAPL,201.94,203.69,201.52,203.4,193437
20100217,AAPL,204.25,204.31,200.86,202.55,155855
20100218,AAPL,201.63,203.89,200.92,202.928,151008
20100219,AAPL,201.85,203.2,201.11,201.67,148476
20100222,AAPL,202.44,202.5,199.19,200.416,139580
20100223,AAPL,199.91,201.33,195.71,197.059,205468
20100224,AAPL,198.5,201.44,197.84,200.656,164487
20100225,AAPL,197.38,202.86,196.89,202,237641
20100226,AAPL,202.45,205.17,202,204.62,181235
20100301,AAPL,205.75,209.5,205.45,208.99,196461
20100302,AAPL,209.97,210.83,207.74,208.85,202337
20100303,AAPL,209.16,209.87,207.94,209.33,132942
20100304,AAPL,209.39,210.92,208.63,210.71,130728
20100305,AAPL,215,219.7,214.63,218.95,321292
20100308,AAPL,219.98,220.09,218.25,219.08,153531
20100309,AAPL,218.15,225,217.89,223.02,328663
20100310,AAPL,223.71,225.48,223.2,224.84,212934
20100311,AAPL,223.86,225.5,223.32,225.5,144892
20100312,AAPL,227.05,227.73,225.75,226.6,148686
20100315,AAPL,225.5,225.5,220.25,223.84,176250
20100316,AAPL,224.19,224.98,222.51,224.45,159609
20100317,AAPL,224.79,226.45,223.27,224.12,161055
20100318,AAPL,223.92,225,222.61,224.65,122181
20100319,AAPL,225.16,225.24,221.23,222.2499,199801
20100322,AAPL,220.5,226,220.15,224.75,163006
20100323,AAPL,225.66,228.78,224.1,228.36,215153
20100324,AAPL,227.85,230.2,227.51,229.37,213671
20100325,AAPL,230.87,230.97,226.25,226.65,194023
20100326,AAPL,228.98,231.95,228.55,230.9,228883
20100329,AAPL,232.91,233.8699,231.62,232.39,193122
20100330,AAPL,236.67,237.48,234.25,235.845,188324
20100331,AAPL,235.85,236.61,234.46,235,153806
20100401,AAPL,237.67,238.73,232.75,235.97,215408
20100405,AAPL,234.99,238.51,234.77,238.49,244466
20100406,AAPL,238.28,240.24,237,239.54,159648
20100407,AAPL,239.72,241.92,238.6601,240.6,224464
20100408,AAPL,240.4,241.54,238.04,239.95,204638
20100409,AAPL,241.46,241.89,240.46,241.79,119350
20100412,AAPL,242.9,243.07,241.81,242.29,119005
20100413,AAPL,242.23,242.8,241.11,242.43,109360
20100414,AAPL,245.17,245.81,244.07,245.69,144312
20100415,AAPL,245.95,249.03,245.51,248.92,134565
20100416,AAPL,248.99,251.14,244.55,247.4,268051
20100419,AAPL,246.55,247.89,241.77,247.07,202472
20100420,AAPL,249.24,249.25,242.955,244.59,263687
20100421,AAPL,258.26,260.25,255.73,259.22,350854
20100422,AAPL,258.18,266.75,256.2,266.4695,283365
20100423,AAPL,267.01,272.18,267,270.83,284626
20100426,AAPL,271.98,272.46,268.19,269.5,171095
20100427,AAPL,267,267.84,260.52,262.04,253336
20100428,AAPL,263,264,256.41,261.6,270857
20100429,AAPL,263.05,270,262.01,268.64,199585
20100430,AAPL,269.74,270.57,261,261.09,193736
20100503,AAPL,264.42,267.88,262.88,266.35,162264
20100504,AAPL,262.44,263.29,256.75,258.68,258506
20100505,AAPL,252.88,258.14,248.73,255.985,315393
20100506,AAPL,254,258.25,199.25,246.25,459235
20100507,AAPL,244,246.57,225.21,235.86,598577
20100510,AAPL,251.17,254.65,248.53,253.99,351537
20100511,AAPL,252,259.89,250.5,256.52,303696
20100512,AAPL,259.64,263.13,258.7,262.09,233706
20100513,AAPL,263.26,265,256.4,258.36,214182
20100514,AAPL,255.21,256.48,249.5,253.82,271200
20100517,AAPL,254.16,256.18,247.71,254.22,272440
20100518,AAPL,257.035,258.55,250.26,252.36,279527
20100519,AAPL,249.48,252.92,244.85,248.34,366330
20100520,AAPL,241.4,243.85,236.21,237.76,458183
20100521,AAPL,231.65,244.5,231.35,242.32,437109
20100524,AAPL,247.26,250.9,246.26,246.76,268394
20100525,AAPL,239.9,246.76,237.16,245.22,374290
20100526,AAPL,250.2,252.13,243.75,244.109,303805
20100527,AAPL,250.73,253.89,249.11,253.35,237964
20100528,AAPL,259.18,259.4,253.35,256.88,291290
20100601,AAPL,259.7,265.94,258.96,260.83,313026
20100602,AAPL,264.74,264.8,260.335,263.95,245909
20100603,AAPL,265.2,265.55,260.41,263.12,232199
20100604,AAPL,258.47,261.9,254.63,255.965,270872
20100607,AAPL,258.37,259.15,250.55,250.94,316779
20100608,AAPL,253.38,253.8,245.65,249.33,357417
20100609,AAPL,251.56,251.9,242.49,243.2,305224
20100610,AAPL,244.81,250.98,242.2,250.51,277269
20100611,AAPL,248.17,253.86,247.37,253.51,194914
20100614,AAPL,256.09,259.15,254.01,254.28,215343
20100615,AAPL,255.6,259.85,255.5,259.69,208954
20100616,AAPL,261,267.75,260.6302,267.25,279889
20100617,AAPL,270.72,272.9,269.5,271.87,311950
20100618,AAPL,272.23,275,271.42,274.074,280221
20100621,AAPL,277.75,279.01,268.73,270.17,277317
20100622,AAPL,272.24,275.97,271.5,273.85,256164
20100623,AAPL,274.57,274.66,267.9,270.97,274448
20100624,AAPL,270.97,273.195,268.1,269,255404
20100625,AAPL,270.02,270.27,265.81,266.7,196407
20100628,AAPL,266.99,269.75,264.52,268.3,209083
20100630,AAPL,256.74,257.97,250.01,251.53,264095
20100701,AAPL,254.11,254.8,243.22,248.48,365340
20100702,AAPL,250.7,250.93,243.2,246.94,248034
20100707,AAPL,250.62,258.77,249.75,258.665,233771
20100708,AAPL,262.58,262.9,254.89,258.09,263625
20100709,AAPL,256.9,259.9,255.16,259.62,154847
20100712,AAPL,258.53,261.85,254.86,257.285,201027
20100713,AAPL,256.21,256.4,246.43,251.798,425340
20100714,AAPL,249.19,255.8,249,252.727,290061
20100715,AAPL,248.27,256.97,247.3,251.45,294594
20100716,AAPL,253.06,254.97,248.41,249.9,371377
20100719,AAPL,249.74,249.88,239.6,245.58,365892
20100720,AAPL,242.47,252.9,240.01,251.89,383910
20100721,AAPL,264.99,265.15,254,254.24,423453
20100722,AAPL,257.72,260,255.31,259.024,230470
20100723,AAPL,257.21,260.38,256.28,259.94,190495
20100726,AAPL,259.98,260.0998,257.71,259.28,150196
20100727,AAPL,260.68,264.8,260.3,264.08,208846
20100728,AAPL,263.67,265.99,260.25,260.96,185708
20100729,AAPL,260.71,262.65,256.1,258.11,229930
20100730,AAPL,255.75,259.7,254.9,257.25,160162
20100802,AAPL,260.44,262.59,259.62,261.85,152887
20100804,AAPL,262.77,264.28,260.311,262.98,150198
20100805,AAPL,261.48,263.18,260.55,261.7,103343
20100806,AAPL,259.7,261.49,257.63,260.091,158933
20100809,AAPL,261.49,262.15,259.57,261.75,108259
20100810,AAPL,259.85,260.45,257.55,259.41,161399
20100811,AAPL,255.14,255.69,249.81,250.19,221447
20100812,AAPL,246.6,253.1,246.12,251.79,191042
20100813,AAPL,251.03,251.88,249.09,249.1,126738
20100816,AAPL,247.72,250.01,246.62,247.64,113724
20100817,AAPL,250.11,254.63,249.2,251.97,150946
20100819,AAPL,252.78,253.48,248.68,249.88,152394
20100820,AAPL,249.38,253.92,249,249.64,137224
20090821,ABC,21.14,21.25,20.9,21.05,33179
20090824,ABC,21.16,21.18,20.71,20.8,31084
20090825,ABC,20.85,21.05,20.8,20.93,18321
20090826,ABC,20.87,21.15,20.77,20.9,20001
20090827,ABC,20.86,21.23,20.72,21.15,22949
20090828,ABC,21.28,21.28,21.09,21.2,25090
20090831,ABC,21.12,21.47,21.08,21.31,21147
20090901,ABC,21.22,21.46,21.09,21.2,28763
20090902,ABC,21.22,21.25,20.98,21.01,18158
20090903,ABC,21.12,21.14,20.87,21.14,21759
20090904,ABC,21.09,21.29,21.08,21.29,11347
20090909,ABC,21.4,21.66,21.04,21.43,26644
20090910,ABC,21.39,21.61,21.25,21.53,24091
20090911,ABC,21.59,21.7,21.505,21.66,19521
20090914,ABC,21.59,21.77,21.43,21.74,28536
20090915,ABC,21.775,21.78,21.38,21.55,36350
20090916,ABC,21.64,21.77,21.29,21.76,26017
20090917,ABC,21.77,21.8,21.54,21.57,62094
20090918,ABC,21.61,21.77,21.5,21.76,29090
20090921,ABC,21.73,22.1,21.58,21.95,18337
20090922,ABC,21.99,22,21.65,21.69,21562
20090923,ABC,21.97,22.12,21.63,21.68,24674
20090924,ABC,21.63,21.74,21.35,21.55,22904
20090925,ABC,21.55,21.76,21.44,21.51,19092
20090928,ABC,21.54,22.03,21.51,21.77,27318
20090929,ABC,21.8,22.1,21.72,21.98,29941
20090930,ABC,22.74,22.84,22,22.38,49182
20091001,ABC,22.36,22.49,21.85,22.03,39694
20091002,ABC,21.9,21.92,21.57,21.62,24508
20091005,ABC,21.71,21.91,21.44,21.89,26341
20091006,ABC,22.03,22.23,21.76,22.15,27829
20091007,ABC,22.02,22.41,21.93,22.41,33876
20091008,ABC,22.55,22.64,22.38,22.4,23914
20091009,ABC,22.27,22.72,22.15,22.61,30089
20091012,ABC,22.67,22.85,22.61,22.74,16556
20091013,ABC,22.69,22.76,22.53,22.62,28239
20091014,ABC,22.73,23.11,22.63,23.07,36307
20091015,ABC,23.06,23.39,22.95,23.35,29219
20091016,ABC,23.24,23.73,23.24,23.53,34848
20091019,ABC,23.64,23.64,23.31,23.43,21381
20091020,ABC,23.36,23.86,23.36,23.71,38365
20091021,ABC,23.66,23.84,23.46,23.47,40156
20091022,ABC,23.46,23.64,23.33,23.49,31989
20091023,ABC,23.62,23.67,23,23.19,31327
20091026,ABC,23.24,23.55,22.86,22.92,26715
20091027,ABC,22.97,23.12,22.75,22.81,26266
20091028,ABC,22.805,22.89,22.28,22.28,34237
20091105,ABC,23.16,23.59,23.14,23.43,31501
20091106,ABC,23.35,23.62,23.1,23.62,21197
20091109,ABC,23.75,23.855,23.53,23.81,23858
20091110,ABC,23.9,24.37,23.79,24.34,30846
20091111,ABC,24.29,24.46,24.05,24.27,16878
20091112,ABC,24.29,24.41,23.95,23.98,19918
20091113,ABC,24.09,24.68,24.09,24.6,34179
20091116,ABC,24.7,24.85,24.48,24.52,27667
20091117,ABC,24.51,24.52,24.21,24.28,22480
20091118,ABC,24.16,24.52,24.11,24.47,28734
20091119,ABC,24.6,24.61,24.12,24.21,37158
20091120,ABC,24.19,24.7,24.17,24.49,49072
20091123,ABC,24.89,25.11,24.67,24.97,45500
20091124,ABC,25.01,25.07,24.81,25.02,23413
20091125,ABC,25.19,25.19,24.96,24.98,17760
20091127,ABC,24.67,25.04,24.49,24.86,13724
20091130,ABC,24.92,24.92,24.48,24.69,38127
20091201,ABC,24.75,24.95,24.7,24.85,26291
20091202,ABC,24.51,24.93,24.51,24.76,32246
20091203,ABC,24.83,24.87,24.57,24.58,25985
20091204,ABC,24.73,24.94,24.43,24.67,38588
20091207,ABC,24.61,24.88,24.54,24.64,29340
20091208,ABC,24.63,24.68,24.2,24.23,36184
20091209,ABC,24.17,24.5,24.14,24.5,35504
20091210,ABC,24.52,25.13,24.5,25.05,67026
20091211,ABC,25.07,25.17,24.75,24.79,25183
20091214,ABC,24.87,25.19,24.87,25,27382
20091215,ABC,25.2,25.925,25,25.78,58322
20091216,ABC,26.16,26.58,26.08,26.13,64152
20091217,ABC,26.11,26.25,25.86,25.86,42083
20091218,ABC,26,26.15,25.78,26.03,49903
20091221,ABC,26.18,26.55,26,26.11,26451
20091222,ABC,26.25,26.42,26.14,26.31,20217
20091223,ABC,26.29,26.45,26.2,26.32,26096
20091224,ABC,26.39,26.4552,26.32,26.34,4819
20091228,ABC,26.39,26.53,26.27,26.41,11228
20091229,ABC,26.41,26.56,26.36,26.37,14473
20091230,ABC,26.29,26.38,26.115,26.31,16182
20091231,ABC,26.39,26.42,26.04,26.07,14663
20100104,ABC,26.29,26.69,26.14,26.63,24558
20100105,ABC,26.65,26.65,26.3793,26.44,24767
20100106,ABC,26.39,26.43,26.08,26.19,40399
20100107,ABC,25.77,26.16,25.66,25.77,52446
20100108,ABC,25.86,26.1,25.68,26.05,42774
20100111,ABC,26.24,26.48,26.11,26.34,19143
20100112,ABC,26.32,26.55,26.19,26.52,31425
20100113,ABC,26.59,27.13,26.59,27.04,31502
20100114,ABC,26.97,27.25,26.85,27.21,20542
20100115,ABC,27.26,27.27,26.81,26.92,20763
20100119,ABC,26.96,27.61,26.92,27.37,28261
20100120,ABC,27.35,27.35,26.76,27.14,26836
20100121,ABC,27.11,27.18,26.25,26.58,39609
20100122,ABC,26.47,26.8,26.02,26.66,43215
20100125,ABC,26.79,27.34,26.68,27.11,52850
20100126,ABC,27.86,28,27.34,27.44,55306
20100127,ABC,27.37,27.64,27.04,27.26,48850
20100128,ABC,27.24,27.76,27.24,27.28,33778
20100129,ABC,27.41,27.61,27.23,27.26,41371
20100201,ABC,27.46,27.78,27.08,27.75,36851
20100202,ABC,27.8,28.61,27.66,28.55,60125
20100203,ABC,28.51,28.59,28.03,28.32,38010
20100204,ABC,28.26,28.26,27.42,27.42,46074
20100205,ABC,27.37,27.4,26.65,27.01,56375
20100208,ABC,27.03,27.19,26.82,26.95,28112
20100209,ABC,27.18,27.4,27,27.16,21675
20100210,ABC,27.19,27.32,26.68,27.19,56552
20100211,ABC,27.18,27.57,26.95,27.52,40937
20100212,ABC,27.39,27.39,27.02,27.35,25876
20100216,ABC,27.66,27.66,27.31,27.57,33288
20100217,ABC,27.73,27.78,27.06,27.59,58689
20100218,ABC,27.58,27.9,27.5,27.86,29311
20100219,ABC,27.87,28.19,27.6,28.14,38623
20100222,ABC,28.24,28.24,27.76,27.89,32561
20100223,ABC,27.82,27.97,27.57,27.75,54070
20100224,ABC,27.77,28.04,27.76,27.89,26524
20100225,ABC,27.7,28.08,27.58,28.08,31683
20100226,ABC,28.08,28.19,27.89,28.04,40366
20100301,ABC,27.97,28.25,27.75,28.07,31167
20100302,ABC,28.2,28.5,28.08,28.46,23662
20100303,ABC,28.5,28.5,27.97,28,30902
20100304,ABC,28.13,28.16,27.91,27.99,26593
20100305,ABC,28.02,28.41,27.98,28.41,27158
20100308,ABC,28.41,28.45,28.05,28.07,24699
20100309,ABC,28.02,28.16,27.9,27.99,29078
20100310,ABC,27.95,28.19,27.88,28.05,23645
20100311,ABC,27.95,28.12,27.8,28.08,16787
20100312,ABC,28.17,28.25,27.8,27.93,23371
20100315,ABC,27.9,27.9,27.61,27.75,27551
20100316,ABC,28.42,28.45,27.93,28.36,42108
20100317,ABC,28.57,28.58,28.18,28.2,30884
20100318,ABC,28.37,28.62,28.19,28.57,27565
20100319,ABC,28.68,29.11,28.27,28.68,54685
20100322,ABC,28.62,29.31,28.5,29.29,48487
20100323,ABC,29.43,29.43,28.9015,29.21,23456
20100324,ABC,29.27,29.3,28.66,28.72,21585
20100325,ABC,28.89,28.895,28.55,28.6,26237
20100326,ABC,28.63,28.72,28.3,28.59,25548
20100329,ABC,28.76,28.93,28.62,28.84,20647
20100330,ABC,28.93,29.33,28.86,29.28,27411
20100331,ABC,29.27,29.27,28.75,28.92,24072
20100401,ABC,28.99,29.13,28.42,28.59,36808
20100405,ABC,28.63,29.02,28.53,28.92,23396
20100406,ABC,28.92,29.14,28.8,29.03,17390
20100407,ABC,29.07,29.07,28.77,29.04,31517
20100408,ABC,29.58,29.58,29.1,29.18,37672
20100409,ABC,29.26,29.48,29.18,29.47,20186
20100412,ABC,29.49,29.51,29.27,29.34,18394
20100413,ABC,29.24,29.5,28.95,29.46,27779
20100414,ABC,29.49,29.5,29.02,29.2,27639
20100415,ABC,29.19,29.5,29.09,29.49,22171
20100416,ABC,29.5,29.92,29.36,29.88,59921
20100419,ABC,29.89,29.99,29.58,29.82,43065
20100420,ABC,29.93,30.49,29.88,30.38,41900
20100421,ABC,30.43,30.59,29.98,30.36,59689
20100422,ABC,31.29,31.791,30.76,31.41,84444
20100423,ABC,31.5,31.57,30.79,31.13,49507
20100426,ABC,31.1,31.44,30.83,31.23,42819
20100427,ABC,31,31.39,30.77,30.86,35710
20100428,ABC,30.91,31.15,30.68,30.79,30873
20100429,ABC,30.97,31.64,30.93,31.36,39608
20100430,ABC,31.42,31.6,30.85,30.85,33805
20100503,ABC,31.03,31.36,30.91,31.28,24723
20100504,ABC,31.05,31.18,30.72,30.97,28489
20100505,ABC,30.53,31.2,30.53,31.03,36699
20100506,ABC,30.87,31.43,28.95,30.75,60567
20100507,ABC,30.56,30.61,29.39,29.91,62723
20100510,ABC,30.83,31.32,30.57,31.06,39385
20100511,ABC,30.63,31.5,30.61,31.22,40619
20100512,ABC,31.27,31.84,31.01,31.79,31520
20100513,ABC,31.92,31.96,31.58,31.6,39514
20100514,ABC,31.49,31.56,31.05,31.31,35993
20100517,ABC,31.34,31.71,30.94,31.4,37948
20100518,ABC,31.72,31.96,31.08,31.29,45244
20100519,ABC,31.14,31.58,31,31.42,40028
20100520,ABC,31.03,31.26,30.59,30.68,64194
20100521,ABC,30.07,30.98,30.05,30.83,65021
20100524,ABC,30.8,31.07,30.42,30.7,51260
20100525,ABC,30.03,30.3,29.5,30.27,60310
20100526,ABC,30.57,30.98,30.32,30.44,49606
20100527,ABC,30.88,31.59,30.85,31.57,41448
20100528,ABC,31.54,31.7,30.92,31.28,48960
20100601,ABC,31.03,31.4365,30.73,30.81,40957
20100602,ABC,30.87,31.76,30.73,31.73,38924
20100603,ABC,31.78,32.49,31.76,32.08,56393
20100604,ABC,31.53,31.71,30.66,30.77,54587
20100607,ABC,30.83,31.27,30.5,30.77,55584
20100608,ABC,30.92,30.94,30.31,30.62,51671
20100609,ABC,30.78,31.56,30.75,30.94,39994
20100610,ABC,31.45,31.78,31.29,31.69,29488
20100611,ABC,31.45,31.98,31.36,31.92,28442
20100614,ABC,31.97,32.46,31.97,32.21,35151
20100615,ABC,32.49,32.5,32.21,32.46,30134
20100616,ABC,32.43,32.975,32.33,32.76,46022
20100617,ABC,33.19,33.27,32.62,32.88,49440
20100618,ABC,32.87,33.03,32.5,32.56,25854
20100621,ABC,32.8,32.994,32.29,32.42,31694
20100622,ABC,32.5,32.65,31.9,31.96,33832
20100623,ABC,31.82,32.05,31.51,31.87,33149
20100624,ABC,31.83,31.93,31.45,31.59,29398
20100625,ABC,31.56,32,31.43,31.87,44071
20100628,ABC,32.01,32.67,31.64,32.53,50448
20100629,ABC,32.21,32.21,31.6,31.72,85269
20100630,ABC,31.75,32.36,31.46,31.75,72558
20100701,ABC,31.61,31.64,30.31,30.93,83483
20100702,ABC,30.95,31.17,30.725,30.92,34520
20100706,ABC,31.41,31.69,31.12,31.34,33230
20100707,ABC,31.38,31.83,31.02,31.78,45471
20100708,ABC,31.97,32.07,31.725,31.92,29203
20100709,ABC,32.01,32.01,31.72,31.84,20593
20100712,ABC,31.78,31.82,31.58,31.75,29045
20100713,ABC,31.97,32.54,31.97,32.33,23028
20100714,ABC,32.32,32.855,32.05,32.79,29910
20100715,ABC,32.72,32.93,32.5,32.73,35728
20100716,ABC,32.57,32.74,32.1,32.14,27193
20100719,ABC,32.18,32.27,31.8,31.99,20453
20100720,ABC,31.79,32.27,31.61,32.26,22522
20100721,ABC,32.35,32.44,31.85,32.01,31942
20100722,ABC,32.45,32.46,29.53,29.63,169784
20100723,ABC,29.67,30.72,28.95,30.53,180316
20100726,ABC,30.61,30.9,29.95,30.5,88487
20100727,ABC,30.61,30.63,27.82,29.14,192412
20100728,ABC,29.17,29.21,28.14,28.93,83817
20100729,ABC,29.31,29.59,28.63,28.98,63594
20100730,ABC,28.65,30.2,28.53,29.97,101242
20100802,ABC,30.28,30.79,30.19,30.58,59208
20100803,ABC,30.6,30.6,29.93,29.98,37422
20100804,ABC,30.03,30.41,29.95,30.36,32138
20100805,ABC,30.08,30.37,29.9,30.34,30316
20100806,ABC,30.15,30.33,29.83,30.24,32527
20100809,ABC,30.26,30.36,29.89,30.05,25345
20100810,ABC,29.82,30.085,29.65,29.97,28542
20100811,ABC,29.54,29.54,29.05,29.12,32602
20100812,ABC,28.75,29.23,28.59,29.15,23014
20100813,ABC,29.01,29.13,28.69,29.04,16196
20100816,ABC,28.75,29.03,28.51,28.71,25859
20100817,ABC,28.95,29.56,28.73,29.49,29097
20100819,ABC,29.3,29.41,28.75,29.17,26471
20100820,ABC,28.87,29.06,28.72,28.92,25710
20090821,ABT,45.58,46,45.315,45.39,84699
20090824,ABT,45.73,46.13,45.25,46.08,92196
20090825,ABT,46.02,46.31,45.9,45.92,69281
20090826,ABT,45.82,46.39,45.75,46.07,65988
20090827,ABT,46.17,46.66,45.91,46.61,78030
20090828,ABT,46.64,46.65,45.69,45.92,62828
20090831,ABT,45.77,46.27,45.02,45.23,98505
20090901,ABT,45.08,45.74,44.84,45.12,75161
20090902,ABT,45.1,45.39,44.72,45,67755
20090903,ABT,45.23,45.23,44.75,45.06,55229
20090904,ABT,45.15,45.67,44.89,45.63,51186
20090909,ABT,45.99,46.62,45.86,46.36,84107
20090910,ABT,46.37,46.87,45.81,46.87,99143
20090911,ABT,46.89,46.98,46.56,46.83,80041
20090914,ABT,46.82,47.4599,46.71,47.33,102384
20090915,ABT,47.34,47.5,46.95,47.09,71966
20090916,ABT,47.28,47.28,46.3,46.72,76355
20090917,ABT,46.74,47,46.36,46.36,69643
20090918,ABT,46.47,46.47,45.8,45.97,150093
20090921,ABT,45.81,46.65,45.8,46.52,71305
20090922,ABT,46.67,46.93,46.4,46.73,82051
20090923,ABT,46.87,46.87,46.09,46.13,61743
20090924,ABT,46.29,47.02,46.01,46.94,118393
20090925,ABT,46.76,47.78,46.76,47.33,114374
20090928,ABT,49.15,49.69,48.49,48.58,185338
20090929,ABT,48.98,49.58,48.8,49.1,118729
20090930,ABT,49.15,49.53,48.68,49.47,104769
20091001,ABT,49.46,49.75,48.62,48.68,108363
20091002,ABT,48.41,50,48.41,49.84,128175
20091005,ABT,49.93,50.43,49.615,50.33,113335
20091006,ABT,50.5,50.71,49.85,50.18,88380
20091007,ABT,50.09,52.1,49.93,50.04,57144
20091008,ABT,50.33,50.75,49.86,50.11,59079
20091009,ABT,50.05,50.45,49.91,50.08,54606
20091012,ABT,50.43,50.43,49.82,50,72968
20091013,ABT,49.77,49.96,49.32,49.65,81382
20091014,ABT,50.72,51.49,50.24,51.2,133222
20091015,ABT,51.42,52.16,51.2,51.91,100717
20091016,ABT,51.62,51.88,51.33,51.43,86895
20091019,ABT,51.46,52.36,51.4,52.23,86003
20091020,ABT,51.98,52.31,51.73,51.86,77797
20091021,ABT,51.91,51.96,51.06,51.15,70409
20091022,ABT,51.12,52.31,50.81,52.17,74647
20091023,ABT,51.98,52.17,50.97,51.31,59798
20091026,ABT,51.38,51.72,50.52,50.89,60771
20091027,ABT,50.52,51.5,50.52,51.22,58056
20091028,ABT,51.13,51.59,51,51.02,57471
20091105,ABT,51.04,51.77,50.98,51.62,49889
20091106,ABT,51.45,51.593,51.0701,51.53,39947
20091109,ABT,51.78,52.4,51.55,52.35,52152
20091110,ABT,52.19,52.99,52.15,52.8,55401
20091111,ABT,53.42,53.55,53.01,53.26,61467
20091112,ABT,53.39,53.8,53.01,53.23,47802
20091113,ABT,53.4,53.5,52.78,52.95,59574
20091116,ABT,53.53,53.89,53.14,53.63,67849
20091117,ABT,53.62,53.62,53.08,53.31,55927
20091118,ABT,53.31,53.31,52.5,53.18,48318
20091119,ABT,52.89,53.2,52.57,52.96,67418
20091120,ABT,53.25,53.74,52.84,53.64,63979
20091123,ABT,53.72,53.84,52.9774,53.13,93291
20091124,ABT,53.22,54.495,52.5,54.24,86395
20091125,ABT,54.3,54.59,54.1104,54.41,41868
20091127,ABT,53.49,54.34,53.29,54.08,28898
20091130,ABT,54.2,54.55,53.69,54.49,70463
20091201,ABT,54.85,54.87,54.22,54.48,102148
20091202,ABT,54.49,54.97,54.24,54.44,55592
20091203,ABT,54.41,54.69,54.13,54.24,53473
20091204,ABT,54.57,54.65,53.4,53.78,62962
20091207,ABT,53.84,54.25,53.62,53.66,53366
20091208,ABT,53.52,53.64,52.94,53.24,57863
20091209,ABT,53.5,53.67,53.14,53.61,46151
20091210,ABT,53.57,54.34,53.53,54.07,62687
20091211,ABT,54,54.35,53.65,53.77,53468
20091214,ABT,53.94,54.31,53.75,53.78,44918
20091215,ABT,53.78,54.22,53.52,53.99,44118
20091216,ABT,54.25,54.45,53.77,53.88,53956
20091217,ABT,53.76,53.83,53.16,53.58,54068
20091218,ABT,53.75,53.75,53,53.34,94109
20091221,ABT,53.58,54.2,53.42,53.92,58808
20091222,ABT,54.04,54.29,54.016,54.12,48578
20091223,ABT,54.22,54.37,53.97,54.09,27577
20091224,ABT,54.07,54.42,54.04,54.15,15193
20091228,ABT,54.16,54.55,54.055,54.53,40865
20091229,ABT,54.63,54.93,54.22,54.26,44526
20091230,ABT,53.91,54.55,53.9,54.54,35904
20091231,ABT,54.47,54.65,53.94,53.99,29933
20100104,ABT,54.19,54.555,53.92,54.46,51957
20100105,ABT,54.47,54.47,53.75,54.02,50677
20100106,ABT,53.94,54.39,53.85,54.32,54703
20100107,ABT,54.31,54.78,54.07,54.77,61690
20100108,ABT,54.76,55.25,54.68,55.05,58289
20100111,ABT,55.3,55.48,55.07,55.33,52525
20100112,ABT,55.2,55.55,55.03,55.17,52486
20100113,ABT,54.86,55.54,54.85,55.29,50566
20100114,ABT,55.22,55.62,55,55.35,43097
20100115,ABT,55.36,55.57,55.16,55.49,77404
20100119,ABT,55.55,56.5,55.51,56.2,79952
20100120,ABT,56.23,56.79,55.61,56.24,67560
20100121,ABT,56.21,56.5,55,55.56,83087
20100122,ABT,55.33,55.656,54.4,54.51,70049
20100125,ABT,54.76,55.51,54.53,54.7,48504
20100126,ABT,54.57,54.67,54.26,54.48,66281
20100127,ABT,54.1,54.14,53.15,53.9,115668
20100128,ABT,54.1,54.45,53.64,53.95,66514
20100129,ABT,54.08,54.08,52.89,52.94,95154
20100201,ABT,53.11,53.69,53.08,53.34,88173
20100202,ABT,53.29,54.6,53.2,54.44,82593
20100203,ABT,54.37,54.78,54.1,54.65,67933
20100204,ABT,54.75,54.75,53.79,53.82,91980
20100205,ABT,53.63,54.13,53.3,53.97,108175
20100208,ABT,53.85,53.95,53.31,53.35,71303
20100209,ABT,53.64,53.98,53.34,53.35,111454
20100210,ABT,53.26,53.49,52.67,53.26,74273
20100211,ABT,53.27,53.71,52.93,53.54,64358
20100212,ABT,53.2,54,53.11,53.93,84281
20100216,ABT,54.24,54.675,53.77,54.59,75530
20100217,ABT,54.79,54.98,54.57,54.75,63756
20100218,ABT,54.69,55,54.67,54.97,53599
20100219,ABT,54.88,54.89,54.08,54.38,96520
20100222,ABT,54.49,54.52,53.96,54.4,57417
20100223,ABT,54.23,54.47,53.75,53.97,67020
20100224,ABT,54.19,54.54,53.91,54.33,67849
20100225,ABT,53.97,54.19,53.61,54.12,59042
20100226,ABT,54.18,54.53,53.85,54.28,70411
20100301,ABT,54.45,54.652,54.14,54.29,45590
20100302,ABT,54.22,54.7,54.13,54.58,49991
20100303,ABT,54.6,54.84,53.92,54.08,67055
20100304,ABT,54.46,54.5,53.91,54.08,63617
20100305,ABT,54.14,54.39,54.12,54.32,73369
20100308,ABT,54.37,54.55,54.12,54.42,43116
20100309,ABT,54.19,54.96,54.13,54.8,58972
20100310,ABT,54.81,55.55,54.72,55.03,81570
20100311,ABT,55.04,55.55,54.85,55.54,57120
20100312,ABT,55.04,55.05,53.72,54.52,162312
20100315,ABT,54.41,54.8,54.12,54.8,73924
20100316,ABT,54.84,54.99,54.47,54.68,59597
20100317,ABT,54.84,54.88,54.3,54.5,73727
20100318,ABT,54.44,54.54,53.61,53.77,153751
20100319,ABT,53.88,53.9,53.19,53.46,163286
20100322,ABT,53.4,54.23,53.3,53.87,75170
20100323,ABT,54.11,54.39,53.82,54.34,46564
20100324,ABT,54.25,54.33,53.76,53.87,63360
20100325,ABT,54.28,54.31,53.5,53.52,85108
20100326,ABT,53.7,53.78,52.44,52.9,120039
20100329,ABT,53.08,53.15,52.73,53.12,105573
20100330,ABT,53.03,53.26,52.49,52.51,134290
20100331,ABT,52.56,52.99,52.21,52.68,76146
20100401,ABT,52.8,52.97,52.58,52.96,61918
20100405,ABT,52.99,53.25,52.7,52.93,53405
20100406,ABT,52.87,53.12,52.58,52.84,72460
20100407,ABT,52.7,52.93,52.38,52.5,98729
20100408,ABT,52.59,52.69,52.2,52.28,72510
20100409,ABT,52.35,52.85,52.28,52.73,55836
20100412,ABT,53,53,52.39,52.67,64583
20100413,ABT,52.16,52.48,52.16,52.28,69292
20100414,ABT,52.42,52.46,51.93,52.31,91301
20100415,ABT,52.31,52.45,52.07,52.36,72035
20100416,ABT,52.24,52.46,52.02,52.26,79485
20100419,ABT,52.26,53.13,52.065,52.91,90839
20100420,ABT,53.03,53.25,52.92,53.06,63824
20100421,ABT,52.8,52.95,51.47,51.78,125615
20100422,ABT,51.59,51.61,50.84,51.12,80598
20100423,ABT,51.03,51.21,50.27,51.2,91950
20100426,ABT,51.1,51.77,50.06,50.37,94317
20100427,ABT,50.28,50.56,49.68,49.77,104488
20100428,ABT,49.94,50.42,49.41,50.27,93110
20100429,ABT,50.51,51.13,50.34,50.75,92723
20100430,ABT,50.85,51.5,50.63,51.16,107046
20100503,ABT,51.45,51.59,50.545,50.87,87976
20100504,ABT,50.74,50.86,49.72,50.19,104175
20100505,ABT,50.2,51.07,49.75,50.15,107308
20100506,ABT,50.14,50.38,45.6,49,124990
20100507,ABT,49.02,49.16,48,48.72,120561
20100510,ABT,49.8,50.23,49.24,49.69,102725
20100511,ABT,49.38,49.73,49.24,49.4,85663
20100512,ABT,49.57,49.59,48.89,49.15,88454
20100513,ABT,49.11,49.11,48.21,48.61,91831
20100514,ABT,48.44,48.61,47.78,48.5,100088
20100517,ABT,48.58,48.77,47.88,48.43,74303
20100518,ABT,48.71,48.93,48,48.05,69687
20100519,ABT,47.84,48.35,47.81,47.94,91881
20100520,ABT,47.47,47.47,46.47,46.48,108628
20100521,ABT,45.48,46.98,45.26,46.94,165447
20100524,ABT,47.17,48.045,46.87,47.56,129378
20100525,ABT,46.94,47.25,46.31,47.23,126695
20100526,ABT,47.54,48,46.94,47.17,122533
20100527,ABT,47.85,48.125,47.26,47.87,80501
20100528,ABT,47.77,48.58,47.5,47.56,110758
20100601,ABT,47.44,47.72,46.9,46.94,87571
20100602,ABT,47,47.51,46.51,47.48,89894
20100603,ABT,47.75,47.82,47.47,47.73,43438
20100604,ABT,47.04,47.097,46.37,46.53,102878
20100607,ABT,46.34,46.62,46.19,46.23,93146
20100608,ABT,46.03,46.42,45.6723,46.31,109198
20100609,ABT,46.39,46.55,45.73,45.86,87697
20100610,ABT,46.38,47.47,46.34,47.2,91856
20100611,ABT,47.09,47.4,46.82,47.2,59047
20100614,ABT,47.44,47.65,47.28,47.33,67961
20100615,ABT,47.54,48.21,47.44,48.17,95685
20100616,ABT,47.79,48.87,47.67,48.79,94072
20100617,ABT,48.84,48.85,48.25,48.63,78469
20100618,ABT,48.86,49,48.4,48.77,89906
20100621,ABT,49.16,49.23,48.055,48.3,76161
20100622,ABT,48.32,48.705,47.95,47.99,59419
20100623,ABT,48.09,48.16,47.38,47.56,64882
20100624,ABT,47.38,47.86,47.23,47.46,70477
20100625,ABT,47.62,47.64,47.1,47.19,137523
20100628,ABT,47.25,47.6,47.04,47.18,54566
20100629,ABT,46.89,47,46.25,46.65,83405
20100630,ABT,46.66,47.24,46.18,46.78,102623
20100701,ABT,46.58,46.66,45.71,46.46,86197
20100702,ABT,46.48,46.76,46.22,46.46,56777
20100706,ABT,46.78,46.97,46.31,46.69,96114
20100707,ABT,46.74,47.77,46.5895,47.71,91219
20100708,ABT,47.9,48.15,47.68,48.1,73371
20100709,ABT,48.16,48.16,47.52,48.03,51999
20100712,ABT,48.1,48.1,47.6,47.82,57468
20100713,ABT,47.71,47.89,47.62,47.67,69203
20100714,ABT,47.53,47.86,47.17,47.85,55520
20100715,ABT,47.86,48.11,47.68,48.02,57975
20100716,ABT,47.91,48.14,47.02,47.07,91383
20100719,ABT,47.41,47.58,47.25,47.41,42000
20100720,ABT,47.13,47.55,46.86,47.47,79075
20100721,ABT,47.73,49.38,44.59,48.68,141958
20100722,ABT,49.02,49.54,48.36,49.01,107537
20100723,ABT,48.98,49.16,48.58,48.93,87209
20100726,ABT,48.89,49.37,48.82,49.24,59181
20100727,ABT,49.5,49.5,48.96,49.27,46365
20100728,ABT,49.31,49.48,48.85,49.22,68566
20100729,ABT,49.44,49.77,48.93,48.98,88464
20100730,ABT,48.72,49.36,48.3,49.08,78200
20100802,ABT,49.71,50,49.62,49.83,75095
20100803,ABT,49.95,50.61,49.76,50,90784
20100804,ABT,49.98,50.27,49.79,50.18,61689
20100805,ABT,50.08,50.08,49.72,49.98,58971
20100806,ABT,49.71,50.68,49.71,50.57,79949
20100809,ABT,50.79,50.95,50.43,50.88,44984
20100810,ABT,50.67,51.7,50.59,51.47,89666
20100811,ABT,51.03,51.11,50.27,50.39,63216
20100812,ABT,49.91,50.54,49.73,50.39,44189
20100813,ABT,50.13,50.26,49.91,50.06,50879
20100816,ABT,50.05,50.4297,49.765,50.34,47960
20100817,ABT,50.5,50.89,50.25,50.69,60439
20100819,ABT,50.16,50.21,49.04,49.32,102187
20100820,ABT,49.04,49.43,48.93,49.34,64073